People,Families,Locations,Events
Laura Le,Operations,"Tokyo, Japan",Joined Cross-Cultural Communication Workshop
Rachel Nguyen,Sales,"Jakarta, Indonesia",Joined Cross-Cultural Communication Workshop
Charlie Dang,Human Resources,"London, UK",Completed Advanced Cybersecurity Training
Edward Tran,Management,"Ho Chi Minh City, Vietnam",Joined Global Marketing Summit
Rachel Mai,Human Resources,"Berlin, Germany",Finished Data Analytics with Python Course
Laura Vu,Engineering,"London, UK",Spoke at the Annual Finance Forum
Nathan Nguyen,Legal,"Da Nang, Vietnam",Attended UX/UI Design Masterclass
Isaac Truong,Customer Success,"Bangalore, India",Volunteered at Community Tech Fair
Kevin Luong,Management,Singapore,Completed AWS Cloud Practitioner Certification
Alice Ngo,Legal,"Seoul, South Korea",Presented at Machine Learning Meetup
Laura Ta,Engineering,"Tokyo, Japan",Joined Team Building Offsite in Da Nang
Hannah Pham,Operations,"Mumbai, India",Joined International Business Roundtable
Kevin Vu,Sales,"Bangkok, Thailand",Volunteered at Community Tech Fair
George Bui,Customer Success,"Manila, Philippines",Attended AI for Business Leaders Webinar
Julia Tran,Human Resources,"Beijing, China",Joined Cross-Cultural Communication Workshop
Laura Mai,Management,Singapore,Completed Advanced Cybersecurity Training
Edward Ngo,Customer Success,"Seoul, South Korea",Volunteered at Community Tech Fair
Kevin Ngo,Product,"Sydney, Australia",Engaged in Blockchain for Finance Webinar
Olivia Ngo,Marketing,"Berlin, Germany",Joined International Business Roundtable
Quinn Ly,Finance,"Bangalore, India",Completed Leadership Training Bootcamp
Edward Truong,Sales,"Tokyo, Japan",Participated in Regional Hackathon 2024
Diana Ton,Sales,Singapore,Spoke at the Annual Finance Forum
Samuel Do,Human Resources,"Berlin, Germany",Joined Global Marketing Summit
Nathan Truong,Marketing,"Shanghai, China",Completed Advanced Cybersecurity Training
Kevin Dang,Legal,"Mumbai, India",Completed Advanced Cybersecurity Training
Victor Tran,Operations,"Da Nang, Vietnam",Attended Remote Work Productivity Webinar
Isaac Truong,Data Science,"Melbourne, Australia",Volunteered at Community Tech Fair
Alice Huynh,Engineering,"Paris, France",Engaged in Blockchain for Finance Webinar
Paul Pham,Marketing,"Sydney, Australia",Joined Global Marketing Summit
Diana Truong,Management,Singapore,Attended AI for Business Leaders Webinar
Paul Mai,Customer Success,Singapore,Joined International Business Roundtable
Bob Huynh,Legal,"Melbourne, Australia",Completed Emotional Intelligence Training
Olivia Vu,Legal,"Bangkok, Thailand",Completed Advanced Cybersecurity Training
Victor Ngo,Human Resources,"Beijing, China",Presented at Machine Learning Meetup
Tina Mai,Legal,"Hanoi, Vietnam",Attended Agile Project Management Workshop
George Trinh,Human Resources,"Paris, France",Finished Data Analytics with Python Course
Alice Tran,Sales,"Seoul, South Korea",Spoke at the Annual Finance Forum
Laura Phan,Human Resources,"Tokyo, Japan",Completed Emotional Intelligence Training
Diana Ta,Operations,"Mumbai, India",Completed Leadership Training Bootcamp
Olivia Bui,Data Science,"Hanoi, Vietnam",Volunteered at Community Tech Fair
Nathan Ta,Product,"New Delhi, India",Attended Agile Project Management Workshop
Bob Mai,Management,"Manila, Philippines",Completed Emotional Intelligence Training
George Huynh,Marketing,"Mumbai, India",Presented at Internal Innovation Day
Olivia Huynh,Engineering,"Hanoi, Vietnam",Spoke at the Annual Finance Forum
Paul Luong,Data Science,Singapore,Attended AI for Business Leaders Webinar
Julia Luong,Finance,"Shanghai, China",Participated in Corporate Social Responsibility Event
Nathan Luong,Management,"Bangkok, Thailand",Joined Cross-Cultural Communication Workshop
Alice Le,Legal,"Da Nang, Vietnam",Finished Data Analytics with Python Course
Diana Pham,Data Science,"Ho Chi Minh City, Vietnam",Joined Team Building Offsite in Da Nang
Victor Ly,Operations,"Berlin, Germany",Spoke at the Annual Finance Forum
Rachel Vu,Sales,"Da Nang, Vietnam",Completed AWS Cloud Practitioner Certification
Isaac Huynh,Finance,"London, UK",Joined Global Marketing Summit
Nathan Dang,Customer Success,"Sydney, Australia",Attended AI for Business Leaders Webinar
Alice Tran,Marketing,"Manila, Philippines",Spoke at the Annual Finance Forum
Hannah Ly,Operations,"Ho Chi Minh City, Vietnam",Finished Data Analytics with Python Course
Julia Hoang,Product,"New Delhi, India",Spoke at the Annual Finance Forum
Hannah Nguyen,Customer Success,"New Delhi, India",Joined International Business Roundtable
Laura Ngo,Engineering,"Bangalore, India",Attended UX/UI Design Masterclass
Paul Ton,Sales,"Kuala Lumpur, Malaysia",Engaged in Blockchain for Finance Webinar
Diana Ton,Human Resources,"Da Nang, Vietnam",Spoke at the Annual Finance Forum
Hannah Bui,Data Science,"Kuala Lumpur, Malaysia",Participated in Regional Hackathon 2024
Hannah Huynh,Customer Success,"Sydney, Australia",Participated in Regional Hackathon 2024
Samuel Huynh,Legal,"Melbourne, Australia",Completed Leadership Training Bootcamp
Julia Pham,Management,"Melbourne, Australia",Presented at Machine Learning Meetup
Bob Tran,Finance,"Melbourne, Australia",Participated in Corporate Social Responsibility Event
George Ly,Operations,"Beijing, China",Finished Data Analytics with Python Course
Edward Tran,Operations,"Da Nang, Vietnam",Presented at Internal Innovation Day
Olivia Do,Operations,"Da Nang, Vietnam",Volunteered at Community Tech Fair
Charlie Ngo,Product,"Melbourne, Australia",Volunteered at Community Tech Fair
Laura Dang,Marketing,"Bangalore, India",Attended UX/UI Design Masterclass
Olivia Ngo,Operations,"Bangkok, Thailand",Attended AI for Business Leaders Webinar
Kevin Hoang,Human Resources,"Sydney, Australia",Attended UX/UI Design Masterclass
Hannah Le,Sales,"New Delhi, India",Volunteered at Community Tech Fair
Olivia Tran,Marketing,"Seoul, South Korea",Engaged in Blockchain for Finance Webinar
Fiona Pham,Operations,"Hanoi, Vietnam",Presented at Machine Learning Meetup
Alice Luong,Human Resources,"Ho Chi Minh City, Vietnam",Joined Team Building Offsite in Da Nang
Samuel Trinh,Legal,Singapore,Joined International Business Roundtable
Kevin Chau,Legal,"Jakarta, Indonesia",Joined Global Marketing Summit
Diana Luong,Operations,"Berlin, Germany",Finished Data Analytics with Python Course
Julia Trinh,Engineering,"Tokyo, Japan",Spoke at the Annual Finance Forum
Alice Do,Finance,"Paris, France",Presented at Internal Innovation Day
Paul Ly,Legal,"Sydney, Australia",Completed Leadership Training Bootcamp
George Ngo,Operations,Singapore,Joined Team Building Offsite in Da Nang
Tina Do,Product,"London, UK",Presented at Internal Innovation Day
Laura Ta,Human Resources,"Manila, Philippines",Attended Remote Work Productivity Webinar
Bob Phan,Customer Success,"Paris, France",Spoke at the Annual Finance Forum
Rachel Mai,Human Resources,"Shanghai, China",Participated in Corporate Social Responsibility Event
Samuel Ly,Customer Success,"Beijing, China",Presented at Machine Learning Meetup
Isaac Truong,Sales,"Jakarta, Indonesia",Completed Advanced Cybersecurity Training
Samuel Do,Customer Success,"Berlin, Germany",Engaged in Blockchain for Finance Webinar
Alice Bui,Human Resources,"London, UK",Attended AI for Business Leaders Webinar
Victor Trinh,Legal,"Bangalore, India",Volunteered at Community Tech Fair
George Le,Data Science,"Sydney, Australia",Attended Remote Work Productivity Webinar
Rachel Do,Data Science,"Bangkok, Thailand",Completed Emotional Intelligence Training
George Bui,Data Science,"Paris, France",Joined Cross-Cultural Communication Workshop
Paul Hoang,Sales,"Sydney, Australia",Attended UX/UI Design Masterclass
Nathan Le,Sales,"London, UK",Joined Global Marketing Summit
Hannah Hoang,Data Science,"Manila, Philippines",Participated in Regional Hackathon 2024
Olivia Dang,Customer Success,"Shanghai, China",Presented at Machine Learning Meetup
Tina Ton,Finance,"Beijing, China",Participated in Regional Hackathon 2024
Fiona Ngo,Sales,"Bangalore, India",Volunteered at Community Tech Fair
Rachel Bui,Customer Success,"Bangalore, India",Joined International Business Roundtable
Edward Trinh,Engineering,"Seoul, South Korea",Joined Team Building Offsite in Da Nang
Laura Chau,Legal,"Kuala Lumpur, Malaysia",Presented at Machine Learning Meetup
Tina Ly,Sales,"Bangalore, India",Finished Data Analytics with Python Course
Kevin Dang,Product,"Kuala Lumpur, Malaysia",Completed Leadership Training Bootcamp
Hannah Dang,Engineering,"Paris, France",Completed AWS Cloud Practitioner Certification
Nathan Mai,Human Resources,"Mumbai, India",Attended AI for Business Leaders Webinar
Nathan Ta,Legal,"Sydney, Australia",Presented at Machine Learning Meetup
Victor Le,Data Science,"Paris, France",Joined Cross-Cultural Communication Workshop
Hannah Chau,Customer Success,"Melbourne, Australia",Attended Remote Work Productivity Webinar
Quinn Trinh,Finance,"Beijing, China",Joined Global Marketing Summit
Charlie Ly,Customer Success,"Bangalore, India",Attended UX/UI Design Masterclass
Fiona Truong,Finance,"Hanoi, Vietnam",Attended UX/UI Design Masterclass
Laura Luong,Customer Success,"Tokyo, Japan",Attended Agile Project Management Workshop
Nathan Hoang,Finance,"Da Nang, Vietnam",Joined Cross-Cultural Communication Workshop
Julia Chau,Legal,"Bangkok, Thailand",Joined International Business Roundtable
Tina Chau,Legal,"Sydney, Australia",Attended AI for Business Leaders Webinar
Tina Ta,Management,"Jakarta, Indonesia",Joined International Business Roundtable
Julia Ly,Product,"Seoul, South Korea",Attended UX/UI Design Masterclass
Laura Phan,Operations,"Tokyo, Japan",Joined Global Marketing Summit
Nathan Pham,Legal,Singapore,Joined Team Building Offsite in Da Nang
Quinn Do,Operations,"Berlin, Germany",Volunteered at Community Tech Fair
George Ly,Sales,"Paris, France",Participated in Regional Hackathon 2024
Fiona Mai,Product,"Da Nang, Vietnam",Completed Emotional Intelligence Training
Tina Bui,Operations,"Tokyo, Japan",Attended Agile Project Management Workshop
Tina Ta,Marketing,"Paris, France",Presented at Machine Learning Meetup
Isaac Chau,Marketing,"Da Nang, Vietnam",Completed Advanced Cybersecurity Training
Laura Truong,Finance,"Sydney, Australia",Presented at Machine Learning Meetup
Alice Le,Product,"New Delhi, India",Spoke at the Annual Finance Forum
Charlie Do,Finance,"Da Nang, Vietnam",Completed Emotional Intelligence Training
Isaac Ly,Legal,"Tokyo, Japan",Completed Advanced Cybersecurity Training
George Ngo,Marketing,"Da Nang, Vietnam",Engaged in Blockchain for Finance Webinar
Paul Pham,Management,"Jakarta, Indonesia",Engaged in Blockchain for Finance Webinar
Charlie Ta,Engineering,"Manila, Philippines",Joined Team Building Offsite in Da Nang
Charlie Vu,Marketing,"Seoul, South Korea",Participated in Regional Hackathon 2024
Paul Dang,Management,Singapore,Attended UX/UI Design Masterclass
Kevin Mai,Customer Success,Singapore,Joined Cross-Cultural Communication Workshop
Olivia Ngo,Finance,"Paris, France",Participated in Corporate Social Responsibility Event
Victor Ta,Legal,"Shanghai, China",Completed Emotional Intelligence Training
Kevin Nguyen,Product,Singapore,Finished Data Analytics with Python Course
Julia Ly,Management,"London, UK",Spoke at the Annual Finance Forum
Charlie Dang,Management,"Bangkok, Thailand",Completed Leadership Training Bootcamp
Edward Nguyen,Human Resources,"Ho Chi Minh City, Vietnam",Engaged in Blockchain for Finance Webinar
Julia Ta,Marketing,"Da Nang, Vietnam",Presented at Machine Learning Meetup
Laura Ta,Operations,"London, UK",Completed Advanced Cybersecurity Training
Olivia Ta,Marketing,"Hanoi, Vietnam",Participated in Corporate Social Responsibility Event
Paul Le,Sales,"Ho Chi Minh City, Vietnam",Presented at Internal Innovation Day
Alice Vu,Legal,"Mumbai, India",Joined Team Building Offsite in Da Nang
Paul Hoang,Engineering,"Da Nang, Vietnam",Completed Advanced Cybersecurity Training
Alice Pham,Engineering,"Seoul, South Korea",Completed Leadership Training Bootcamp
Nathan Luong,Marketing,Singapore,Attended Remote Work Productivity Webinar
Isaac Luong,Human Resources,"New Delhi, India",Spoke at the Annual Finance Forum
Victor Le,Finance,"Melbourne, Australia",Joined Team Building Offsite in Da Nang
George Pham,Human Resources,"Mumbai, India",Completed Emotional Intelligence Training
Laura Vu,Customer Success,"Da Nang, Vietnam",Completed Leadership Training Bootcamp
Rachel Do,Management,"New Delhi, India",Presented at Internal Innovation Day
Kevin Bui,Data Science,"Beijing, China",Participated in Regional Hackathon 2024
Isaac Trinh,Operations,"New Delhi, India",Participated in Corporate Social Responsibility Event
Kevin Huynh,Engineering,"Melbourne, Australia",Completed Leadership Training Bootcamp
Tina Do,Sales,"Mumbai, India",Completed AWS Cloud Practitioner Certification
Diana Nguyen,Legal,"Paris, France",Volunteered at Community Tech Fair
Bob Hoang,Legal,"Mumbai, India",Volunteered at Community Tech Fair
Rachel Huynh,Marketing,"Hanoi, Vietnam",Presented at Machine Learning Meetup
Rachel Truong,Product,"Paris, France",Presented at Internal Innovation Day
Bob Ly,Human Resources,"Ho Chi Minh City, Vietnam",Presented at Internal Innovation Day
Paul Pham,Data Science,"Seoul, South Korea",Completed Advanced Cybersecurity Training
Hannah Ngo,Sales,"Bangalore, India",Completed Emotional Intelligence Training
Laura Ngo,Human Resources,"Shanghai, China",Joined Global Marketing Summit
Alice Ly,Finance,"London, UK",Presented at Machine Learning Meetup
Nathan Hoang,Operations,"Tokyo, Japan",Completed Emotional Intelligence Training
Nathan Luong,Human Resources,"Bangalore, India",Finished Data Analytics with Python Course
Hannah Ly,Finance,Singapore,Participated in Regional Hackathon 2024
Diana Ngo,Marketing,"Berlin, Germany",Participated in Regional Hackathon 2024
Victor Do,Finance,"Beijing, China",Spoke at the Annual Finance Forum
Nathan Ta,Engineering,"Beijing, China",Joined Team Building Offsite in Da Nang
Fiona Ton,Customer Success,"Sydney, Australia",Joined International Business Roundtable
Julia Luong,Management,"Beijing, China",Spoke at the Annual Finance Forum
Alice Chau,Operations,"Sydney, Australia",Joined Team Building Offsite in Da Nang
Olivia Tran,Customer Success,"London, UK",Volunteered at Community Tech Fair
Hannah Dang,Human Resources,"Tokyo, Japan",Attended UX/UI Design Masterclass
Victor Bui,Customer Success,"New Delhi, India",Finished Data Analytics with Python Course
Fiona Tran,Finance,"Kuala Lumpur, Malaysia",Spoke at the Annual Finance Forum
George Tran,Human Resources,"Jakarta, Indonesia",Joined Team Building Offsite in Da Nang
Charlie Do,Engineering,"Melbourne, Australia",Completed Emotional Intelligence Training
Alice Ngo,Customer Success,"Berlin, Germany",Volunteered at Community Tech Fair
Samuel Ly,Human Resources,"London, UK",Attended AI for Business Leaders Webinar
Paul Dang,Finance,"Seoul, South Korea",Attended Agile Project Management Workshop
Nathan Le,Finance,"Paris, France",Completed Leadership Training Bootcamp
George Tran,Engineering,"Mumbai, India",Joined Cross-Cultural Communication Workshop
Nathan Chau,Marketing,"New Delhi, India",Completed Advanced Cybersecurity Training
Alice Phan,Management,"Melbourne, Australia",Presented at Machine Learning Meetup
Paul Nguyen,Customer Success,"Kuala Lumpur, Malaysia",Completed Advanced Cybersecurity Training
George Trinh,Operations,"Jakarta, Indonesia",Completed Leadership Training Bootcamp
Tina Dang,Sales,"Bangalore, India",Engaged in Blockchain for Finance Webinar
Olivia Hoang,Human Resources,"London, UK",Completed Advanced Cybersecurity Training
Rachel Hoang,Customer Success,"Hanoi, Vietnam",Finished Data Analytics with Python Course
Charlie Trinh,Operations,"London, UK",Participated in Regional Hackathon 2024
Diana Le,Data Science,"Manila, Philippines",Engaged in Blockchain for Finance Webinar
Quinn Chau,Engineering,"Manila, Philippines",Finished Data Analytics with Python Course
Charlie Truong,Data Science,"Berlin, Germany",Engaged in Blockchain for Finance Webinar
Samuel Le,Operations,"Ho Chi Minh City, Vietnam",Completed Advanced Cybersecurity Training
Olivia Hoang,Data Science,"Sydney, Australia",Completed Leadership Training Bootcamp
Tina Tran,Legal,"Manila, Philippines",Attended Agile Project Management Workshop
Alice Ta,Customer Success,"Jakarta, Indonesia",Joined International Business Roundtable
Bob Ton,Finance,"Bangalore, India",Completed Leadership Training Bootcamp
Samuel Hoang,Sales,Singapore,Presented at Internal Innovation Day
Fiona Truong,Engineering,"Mumbai, India",Spoke at the Annual Finance Forum
Edward Luong,Data Science,"Shanghai, China",Attended Agile Project Management Workshop
Quinn Trinh,Marketing,"Paris, France",Attended UX/UI Design Masterclass
Victor Nguyen,Human Resources,"Jakarta, Indonesia",Completed AWS Cloud Practitioner Certification
Julia Truong,Operations,"Sydney, Australia",Completed Emotional Intelligence Training
Paul Le,Sales,"New Delhi, India",Completed AWS Cloud Practitioner Certification
Nathan Ta,Operations,"Berlin, Germany",Volunteered at Community Tech Fair
George Chau,Product,"Kuala Lumpur, Malaysia",Joined International Business Roundtable
Fiona Luong,Operations,"Sydney, Australia",Completed Leadership Training Bootcamp
Diana Vu,Finance,"Ho Chi Minh City, Vietnam",Participated in Regional Hackathon 2024
Edward Truong,Management,"Ho Chi Minh City, Vietnam",Completed Advanced Cybersecurity Training
George Truong,Management,"Melbourne, Australia",Completed Leadership Training Bootcamp
George Vu,Customer Success,"Ho Chi Minh City, Vietnam",Spoke at the Annual Finance Forum
Edward Ta,Marketing,"Bangkok, Thailand",Engaged in Blockchain for Finance Webinar
Julia Chau,Engineering,"Bangalore, India",Spoke at the Annual Finance Forum
Bob Do,Sales,"Jakarta, Indonesia",Completed Leadership Training Bootcamp
George Huynh,Marketing,"Bangalore, India",Attended UX/UI Design Masterclass
Fiona Do,Data Science,"Paris, France",Attended AI for Business Leaders Webinar
Diana Le,Finance,"Paris, France",Joined Team Building Offsite in Da Nang
Laura Ta,Marketing,"Tokyo, Japan",Completed Advanced Cybersecurity Training
Julia Truong,Legal,"Ho Chi Minh City, Vietnam",Joined International Business Roundtable
Alice Ly,Operations,"Bangkok, Thailand",Spoke at the Annual Finance Forum
Hannah Tran,Engineering,"Ho Chi Minh City, Vietnam",Participated in Corporate Social Responsibility Event
Tina Pham,Marketing,"Beijing, China",Attended UX/UI Design Masterclass
Victor Nguyen,Management,"Bangkok, Thailand",Completed Emotional Intelligence Training
Paul Tran,Data Science,"Manila, Philippines",Completed Leadership Training Bootcamp
Nathan Trinh,Engineering,"Berlin, Germany",Spoke at the Annual Finance Forum
Tina Pham,Operations,"Sydney, Australia",Completed Advanced Cybersecurity Training
Samuel Luong,Management,"Sydney, Australia",Joined Global Marketing Summit
Julia Ly,Marketing,"Sydney, Australia",Attended Remote Work Productivity Webinar
George Ngo,Human Resources,"New Delhi, India",Presented at Machine Learning Meetup
Quinn Nguyen,Sales,"Sydney, Australia",Joined Team Building Offsite in Da Nang
Edward Huynh,Finance,"New Delhi, India",Joined Global Marketing Summit
Tina Truong,Data Science,"Bangalore, India",Attended AI for Business Leaders Webinar
Fiona Bui,Sales,"Beijing, China",Presented at Machine Learning Meetup
Julia Ngo,Operations,"Bangalore, India",Attended UX/UI Design Masterclass
Olivia Bui,Legal,"Melbourne, Australia",Participated in Regional Hackathon 2024
Quinn Luong,Data Science,"New Delhi, India",Completed AWS Cloud Practitioner Certification
Quinn Ly,Sales,"New Delhi, India",Volunteered at Community Tech Fair
Laura Ngo,Operations,"Tokyo, Japan",Attended Agile Project Management Workshop
Isaac Le,Marketing,"Melbourne, Australia",Participated in Regional Hackathon 2024
George Huynh,Sales,"Da Nang, Vietnam",Completed Leadership Training Bootcamp
Fiona Phan,Legal,"Bangalore, India",Attended Agile Project Management Workshop
Charlie Mai,Customer Success,"Paris, France",Completed Leadership Training Bootcamp
Quinn Ta,Product,"Tokyo, Japan",Joined International Business Roundtable
Alice Dang,Sales,"Beijing, China",Attended Agile Project Management Workshop
Edward Tran,Finance,"Tokyo, Japan",Engaged in Blockchain for Finance Webinar
Isaac Tran,Data Science,"Bangalore, India",Volunteered at Community Tech Fair
Samuel Ta,Finance,"London, UK",Spoke at the Annual Finance Forum
Victor Vu,Legal,"New Delhi, India",Attended AI for Business Leaders Webinar
Olivia Tran,Human Resources,"Shanghai, China",Completed AWS Cloud Practitioner Certification
Laura Mai,Sales,"Mumbai, India",Presented at Internal Innovation Day
Fiona Luong,Management,"Paris, France",Presented at Machine Learning Meetup
Nathan Ngo,Human Resources,"Bangkok, Thailand",Completed Advanced Cybersecurity Training
Charlie Bui,Data Science,"Paris, France",Attended Agile Project Management Workshop
Quinn Do,Data Science,"Seoul, South Korea",Participated in Regional Hackathon 2024
Olivia Vu,Data Science,"Kuala Lumpur, Malaysia",Joined International Business Roundtable
Olivia Mai,Finance,"Jakarta, Indonesia",Joined Cross-Cultural Communication Workshop
Victor Tran,Human Resources,"Kuala Lumpur, Malaysia",Completed AWS Cloud Practitioner Certification
Paul Luong,Data Science,"Berlin, Germany",Completed AWS Cloud Practitioner Certification
Samuel Nguyen,Management,"New Delhi, India",Attended Remote Work Productivity Webinar
Isaac Vu,Engineering,"Sydney, Australia",Joined International Business Roundtable
Isaac Ta,Customer Success,"Manila, Philippines",Attended AI for Business Leaders Webinar
Bob Ta,Operations,"Hanoi, Vietnam",Joined Global Marketing Summit
Kevin Dang,Finance,"Melbourne, Australia",Volunteered at Community Tech Fair
Bob Ly,Customer Success,"Mumbai, India",Attended Remote Work Productivity Webinar
Charlie Luong,Data Science,"Kuala Lumpur, Malaysia",Participated in Regional Hackathon 2024
Nathan Nguyen,Human Resources,Singapore,Finished Data Analytics with Python Course
Paul Luong,Marketing,"Jakarta, Indonesia",Joined Cross-Cultural Communication Workshop
Victor Phan,Legal,"Kuala Lumpur, Malaysia",Completed AWS Cloud Practitioner Certification
Edward Le,Marketing,Singapore,Completed Emotional Intelligence Training
Olivia Le,Customer Success,"Berlin, Germany",Joined Cross-Cultural Communication Workshop
Hannah Trinh,Finance,"Seoul, South Korea",Volunteered at Community Tech Fair
Julia Bui,Human Resources,"Seoul, South Korea",Joined Global Marketing Summit
Julia Trinh,Management,"Manila, Philippines",Participated in Regional Hackathon 2024
Quinn Bui,Marketing,"Shanghai, China",Joined Cross-Cultural Communication Workshop
Samuel Tran,Management,"Mumbai, India",Presented at Internal Innovation Day
Nathan Do,Data Science,"Jakarta, Indonesia",Joined Team Building Offsite in Da Nang
Paul Dang,Legal,"Bangalore, India",Attended Agile Project Management Workshop
Tina Truong,Marketing,"Hanoi, Vietnam",Completed Advanced Cybersecurity Training
George Do,Finance,"Beijing, China",Attended Agile Project Management Workshop
Rachel Trinh,Data Science,"Hanoi, Vietnam",Presented at Internal Innovation Day
Olivia Pham,Sales,Singapore,Attended Remote Work Productivity Webinar
George Ta,Product,"Seoul, South Korea",Attended Agile Project Management Workshop
Laura Truong,Human Resources,"Shanghai, China",Spoke at the Annual Finance Forum
Samuel Huynh,Sales,"Paris, France",Engaged in Blockchain for Finance Webinar
Quinn Nguyen,Marketing,"Berlin, Germany",Joined International Business Roundtable
Paul Ly,Human Resources,"Sydney, Australia",Attended AI for Business Leaders Webinar
Charlie Ngo,Marketing,"Ho Chi Minh City, Vietnam",Presented at Machine Learning Meetup
Samuel Nguyen,Engineering,"Manila, Philippines",Attended UX/UI Design Masterclass
Julia Do,Marketing,"Kuala Lumpur, Malaysia",Joined Cross-Cultural Communication Workshop
Edward Ly,Finance,"Bangkok, Thailand",Joined International Business Roundtable
Victor Do,Operations,"Sydney, Australia",Completed AWS Cloud Practitioner Certification
Laura Le,Finance,"Seoul, South Korea",Volunteered at Community Tech Fair
Charlie Mai,Legal,"Tokyo, Japan",Joined Cross-Cultural Communication Workshop
Isaac Ton,Sales,"Jakarta, Indonesia",Attended UX/UI Design Masterclass
Charlie Le,Sales,"Kuala Lumpur, Malaysia",Joined Team Building Offsite in Da Nang
Victor Vu,Marketing,"Hanoi, Vietnam",Presented at Machine Learning Meetup
Isaac Do,Marketing,"Manila, Philippines",Completed Leadership Training Bootcamp
George Ton,Finance,"Da Nang, Vietnam",Attended UX/UI Design Masterclass
Alice Le,Engineering,"Da Nang, Vietnam",Completed Leadership Training Bootcamp
Laura Chau,Data Science,"Tokyo, Japan",Participated in Corporate Social Responsibility Event
George Vu,Operations,"London, UK",Volunteered at Community Tech Fair
Laura Hoang,Product,"Berlin, Germany",Participated in Regional Hackathon 2024
Rachel Le,Operations,"Da Nang, Vietnam",Attended UX/UI Design Masterclass
Hannah Ta,Operations,"Tokyo, Japan",Joined Global Marketing Summit
Olivia Trinh,Human Resources,"Manila, Philippines",Completed Leadership Training Bootcamp
Charlie Bui,Legal,"Mumbai, India",Completed AWS Cloud Practitioner Certification
Julia Dang,Finance,"Da Nang, Vietnam",Finished Data Analytics with Python Course
Samuel Vu,Sales,"Beijing, China",Completed Advanced Cybersecurity Training
Edward Ton,Finance,"Bangalore, India",Attended UX/UI Design Masterclass
Bob Phan,Engineering,"London, UK",Spoke at the Annual Finance Forum
George Ngo,Customer Success,"Bangkok, Thailand",Joined Team Building Offsite in Da Nang
Julia Tran,Data Science,"Jakarta, Indonesia",Attended AI for Business Leaders Webinar
Fiona Bui,Human Resources,"New Delhi, India",Participated in Corporate Social Responsibility Event
Samuel Dang,Product,"Shanghai, China",Completed Emotional Intelligence Training
Nathan Do,Management,"Kuala Lumpur, Malaysia",Presented at Machine Learning Meetup
George Trinh,Finance,"Kuala Lumpur, Malaysia",Joined Team Building Offsite in Da Nang
Alice Vu,Marketing,"Jakarta, Indonesia",Joined International Business Roundtable
Olivia Ngo,Management,"Ho Chi Minh City, Vietnam",Engaged in Blockchain for Finance Webinar
Paul Phan,Product,"Tokyo, Japan",Attended Agile Project Management Workshop
Victor Chau,Marketing,"Da Nang, Vietnam",Finished Data Analytics with Python Course
Laura Nguyen,Management,"Bangalore, India",Presented at Machine Learning Meetup
Alice Le,Finance,"Tokyo, Japan",Joined Cross-Cultural Communication Workshop
Bob Tran,Marketing,"Jakarta, Indonesia",Joined Team Building Offsite in Da Nang
Isaac Vu,Finance,"London, UK",Joined Cross-Cultural Communication Workshop
Nathan Do,Engineering,"Kuala Lumpur, Malaysia",Participated in Corporate Social Responsibility Event
Victor Pham,Customer Success,"Bangkok, Thailand",Joined Global Marketing Summit
Nathan Ngo,Legal,"New Delhi, India",Joined Cross-Cultural Communication Workshop
Diana Huynh,Human Resources,"Beijing, China",Joined Team Building Offsite in Da Nang
Tina Tran,Data Science,"Berlin, Germany",Completed AWS Cloud Practitioner Certification
George Phan,Product,"Kuala Lumpur, Malaysia",Participated in Corporate Social Responsibility Event
Olivia Nguyen,Data Science,"New Delhi, India",Attended UX/UI Design Masterclass
Alice Chau,Operations,"Ho Chi Minh City, Vietnam",Attended Agile Project Management Workshop
Rachel Dang,Customer Success,"Jakarta, Indonesia",Attended Remote Work Productivity Webinar
Julia Dang,Customer Success,"Hanoi, Vietnam",Completed Advanced Cybersecurity Training
Kevin Huynh,Human Resources,"London, UK",Joined Global Marketing Summit
George Luong,Marketing,"Mumbai, India",Presented at Internal Innovation Day
Fiona Pham,Product,"Paris, France",Attended UX/UI Design Masterclass
Quinn Le,Product,"Tokyo, Japan",Completed Advanced Cybersecurity Training
Hannah Trinh,Engineering,"Tokyo, Japan",Completed Advanced Cybersecurity Training
Hannah Dang,Data Science,"Melbourne, Australia",Presented at Internal Innovation Day
Isaac Nguyen,Customer Success,"Beijing, China",Finished Data Analytics with Python Course
Rachel Nguyen,Data Science,"Manila, Philippines",Completed Advanced Cybersecurity Training
Bob Phan,Human Resources,"Kuala Lumpur, Malaysia",Attended UX/UI Design Masterclass
Edward Huynh,Human Resources,"Melbourne, Australia",Attended Agile Project Management Workshop
Isaac Hoang,Sales,"Seoul, South Korea",Engaged in Blockchain for Finance Webinar
Samuel Bui,Engineering,"Beijing, China",Attended UX/UI Design Masterclass
Edward Ly,Engineering,"Da Nang, Vietnam",Attended UX/UI Design Masterclass
Samuel Trinh,Legal,"Mumbai, India",Finished Data Analytics with Python Course
Paul Bui,Product,"Kuala Lumpur, Malaysia",Completed Emotional Intelligence Training
Isaac Pham,Legal,"Kuala Lumpur, Malaysia",Joined Cross-Cultural Communication Workshop
George Tran,Customer Success,"Tokyo, Japan",Presented at Internal Innovation Day
Nathan Luong,Product,"Kuala Lumpur, Malaysia",Attended Remote Work Productivity Webinar
Rachel Ta,Product,"London, UK",Attended Agile Project Management Workshop
Quinn Do,Data Science,"Paris, France",Attended Remote Work Productivity Webinar
Alice Hoang,Sales,"Bangkok, Thailand",Volunteered at Community Tech Fair
Tina Dang,Operations,"Bangkok, Thailand",Completed Emotional Intelligence Training
Laura Ta,Marketing,"Berlin, Germany",Attended AI for Business Leaders Webinar
Hannah Ta,Data Science,"New Delhi, India",Attended Agile Project Management Workshop
Charlie Vu,Customer Success,"Seoul, South Korea",Joined Cross-Cultural Communication Workshop
Nathan Hoang,Operations,"Shanghai, China",Finished Data Analytics with Python Course
Julia Le,Management,"Da Nang, Vietnam",Completed Advanced Cybersecurity Training
Bob Vu,Operations,"Jakarta, Indonesia",Completed Emotional Intelligence Training
Alice Trinh,Customer Success,"Jakarta, Indonesia",Participated in Regional Hackathon 2024
Victor Dang,Data Science,"Berlin, Germany",Attended Remote Work Productivity Webinar
Fiona Dang,Engineering,"New Delhi, India",Completed AWS Cloud Practitioner Certification
Edward Nguyen,Sales,"Mumbai, India",Completed Emotional Intelligence Training
Bob Trinh,Finance,"Paris, France",Joined Cross-Cultural Communication Workshop
Bob Huynh,Human Resources,"Manila, Philippines",Joined Global Marketing Summit
Victor Tran,Sales,"Seoul, South Korea",Participated in Regional Hackathon 2024
Diana Vu,Management,"Ho Chi Minh City, Vietnam",Completed AWS Cloud Practitioner Certification
Olivia Do,Sales,"Mumbai, India",Participated in Regional Hackathon 2024
Isaac Nguyen,Management,"Da Nang, Vietnam",Joined Global Marketing Summit
Victor Ta,Management,"Kuala Lumpur, Malaysia",Joined Cross-Cultural Communication Workshop
Charlie Huynh,Engineering,"Melbourne, Australia",Volunteered at Community Tech Fair
Quinn Tran,Customer Success,"New Delhi, India",Completed Emotional Intelligence Training
Olivia Ngo,Human Resources,"Ho Chi Minh City, Vietnam",Attended Agile Project Management Workshop
Paul Ton,Management,"New Delhi, India",Attended AI for Business Leaders Webinar
Isaac Dang,Sales,"New Delhi, India",Joined Team Building Offsite in Da Nang
Quinn Le,Operations,"New Delhi, India",Joined Global Marketing Summit
Fiona Le,Engineering,"Berlin, Germany",Presented at Machine Learning Meetup
Bob Dang,Engineering,"Bangkok, Thailand",Completed Advanced Cybersecurity Training
Samuel Nguyen,Engineering,"New Delhi, India",Joined Cross-Cultural Communication Workshop
Charlie Dang,Finance,"Paris, France",Joined International Business Roundtable
Olivia Truong,Operations,"Berlin, Germany",Engaged in Blockchain for Finance Webinar
Alice Vu,Operations,"London, UK",Joined Cross-Cultural Communication Workshop
Julia Luong,Human Resources,"London, UK",Joined International Business Roundtable
Bob Ly,Operations,"Bangkok, Thailand",Participated in Corporate Social Responsibility Event
Julia Luong,Sales,Singapore,Attended Remote Work Productivity Webinar
Quinn Hoang,Human Resources,"Seoul, South Korea",Presented at Internal Innovation Day
Laura Hoang,Data Science,"Manila, Philippines",Engaged in Blockchain for Finance Webinar
Edward Truong,Product,"Bangalore, India",Completed AWS Cloud Practitioner Certification
Julia Chau,Data Science,"Hanoi, Vietnam",Finished Data Analytics with Python Course
Rachel Bui,Human Resources,Singapore,Joined Global Marketing Summit
Diana Mai,Engineering,"Hanoi, Vietnam",Joined Cross-Cultural Communication Workshop
Samuel Bui,Sales,"Melbourne, Australia",Participated in Regional Hackathon 2024
George Tran,Marketing,"Beijing, China",Spoke at the Annual Finance Forum
Laura Mai,Operations,"Sydney, Australia",Completed Advanced Cybersecurity Training
Bob Do,Engineering,"Hanoi, Vietnam",Joined Cross-Cultural Communication Workshop
Tina Ton,Marketing,"Da Nang, Vietnam",Attended UX/UI Design Masterclass
Isaac Phan,Product,"Mumbai, India",Participated in Regional Hackathon 2024
Fiona Do,Finance,"Manila, Philippines",Presented at Machine Learning Meetup
Charlie Dang,Management,"Ho Chi Minh City, Vietnam",Engaged in Blockchain for Finance Webinar
Edward Dang,Operations,"Sydney, Australia",Completed Advanced Cybersecurity Training
Fiona Bui,Legal,"Ho Chi Minh City, Vietnam",Joined Cross-Cultural Communication Workshop
Laura Huynh,Human Resources,"Tokyo, Japan",Finished Data Analytics with Python Course
Charlie Le,Marketing,"Da Nang, Vietnam",Joined Team Building Offsite in Da Nang
Samuel Chau,Product,"Bangkok, Thailand",Presented at Internal Innovation Day
Fiona Ta,Legal,"Sydney, Australia",Joined International Business Roundtable
Quinn Pham,Product,"Hanoi, Vietnam",Finished Data Analytics with Python Course
Kevin Le,Marketing,"Seoul, South Korea",Attended Agile Project Management Workshop
Isaac Phan,Operations,"Hanoi, Vietnam",Attended AI for Business Leaders Webinar
Quinn Vu,Operations,"Paris, France",Completed Emotional Intelligence Training
Victor Ngo,Human Resources,Singapore,Presented at Internal Innovation Day
Laura Truong,Engineering,"Seoul, South Korea",Finished Data Analytics with Python Course
George Le,Product,"Berlin, Germany",Volunteered at Community Tech Fair
Bob Ton,Legal,"Ho Chi Minh City, Vietnam",Participated in Corporate Social Responsibility Event
Quinn Ton,Legal,"London, UK",Joined International Business Roundtable
Charlie Bui,Engineering,"Bangalore, India",Completed Advanced Cybersecurity Training
Isaac Mai,Data Science,"Bangalore, India",Attended Remote Work Productivity Webinar
Victor Nguyen,Legal,"Bangkok, Thailand",Attended Agile Project Management Workshop
Hannah Huynh,Legal,"Melbourne, Australia",Joined Cross-Cultural Communication Workshop
Edward Huynh,Finance,"Seoul, South Korea",Volunteered at Community Tech Fair
Victor Ta,Human Resources,"Jakarta, Indonesia",Joined Team Building Offsite in Da Nang
Olivia Nguyen,Management,"Hanoi, Vietnam",Spoke at the Annual Finance Forum
Edward Ngo,Engineering,"Melbourne, Australia",Presented at Internal Innovation Day
Tina Ton,Legal,Singapore,Presented at Machine Learning Meetup
Isaac Truong,Marketing,"Paris, France",Spoke at the Annual Finance Forum
Samuel Le,Human Resources,"Berlin, Germany",Attended Agile Project Management Workshop
Hannah Vu,Data Science,"Bangalore, India",Joined Cross-Cultural Communication Workshop
Samuel Ta,Legal,"Hanoi, Vietnam",Presented at Machine Learning Meetup
Bob Trinh,Marketing,"Seoul, South Korea",Volunteered at Community Tech Fair
Paul Truong,Sales,"Beijing, China",Attended AI for Business Leaders Webinar
Diana Chau,Human Resources,"Hanoi, Vietnam",Joined Cross-Cultural Communication Workshop
Olivia Trinh,Operations,"Beijing, China",Joined Team Building Offsite in Da Nang
Quinn Nguyen,Customer Success,"London, UK",Completed Advanced Cybersecurity Training
Julia Bui,Finance,"Melbourne, Australia",Joined Cross-Cultural Communication Workshop
Victor Trinh,Customer Success,"Da Nang, Vietnam",Participated in Corporate Social Responsibility Event
George Huynh,Human Resources,"Da Nang, Vietnam",Joined International Business Roundtable
Victor Truong,Data Science,Singapore,Presented at Machine Learning Meetup
Victor Bui,Engineering,"Bangkok, Thailand",Volunteered at Community Tech Fair
George Chau,Human Resources,Singapore,Attended Agile Project Management Workshop
Olivia Do,Data Science,"Ho Chi Minh City, Vietnam",Joined Cross-Cultural Communication Workshop
Kevin Do,Customer Success,"Hanoi, Vietnam",Joined Cross-Cultural Communication Workshop
Isaac Hoang,Operations,"Beijing, China",Attended AI for Business Leaders Webinar
Alice Luong,Legal,"New Delhi, India",Spoke at the Annual Finance Forum
Charlie Le,Customer Success,"London, UK",Attended AI for Business Leaders Webinar
Rachel Ta,Human Resources,"Kuala Lumpur, Malaysia",Presented at Internal Innovation Day
Fiona Luong,Legal,"Beijing, China",Attended UX/UI Design Masterclass
Alice Luong,Operations,"Beijing, China",Joined Cross-Cultural Communication Workshop
George Tran,Finance,"Mumbai, India",Attended AI for Business Leaders Webinar
Diana Ton,Engineering,"Da Nang, Vietnam",Joined Team Building Offsite in Da Nang
Tina Trinh,Sales,"London, UK",Engaged in Blockchain for Finance Webinar
Paul Dang,Operations,"Mumbai, India",Attended Agile Project Management Workshop
Paul Dang,Engineering,"Paris, France",Attended AI for Business Leaders Webinar
Julia Truong,Legal,Singapore,Participated in Corporate Social Responsibility Event
Quinn Phan,Human Resources,"Hanoi, Vietnam",Joined Global Marketing Summit
Paul Do,Marketing,"Ho Chi Minh City, Vietnam",Participated in Corporate Social Responsibility Event
Isaac Vu,Data Science,"Beijing, China",Spoke at the Annual Finance Forum
Laura Ta,Customer Success,"Bangalore, India",Completed Advanced Cybersecurity Training
Alice Mai,Sales,"Da Nang, Vietnam",Completed Leadership Training Bootcamp
Samuel Ta,Sales,"New Delhi, India",Finished Data Analytics with Python Course
Laura Truong,Operations,"Seoul, South Korea",Completed AWS Cloud Practitioner Certification
Fiona Ta,Data Science,"New Delhi, India",Participated in Regional Hackathon 2024
Edward Ta,Management,"Berlin, Germany",Attended AI for Business Leaders Webinar
Isaac Luong,Product,"New Delhi, India",Joined International Business Roundtable
Edward Ta,Finance,"Manila, Philippines",Spoke at the Annual Finance Forum
Laura Tran,Engineering,"Tokyo, Japan",Spoke at the Annual Finance Forum
Paul Huynh,Marketing,"Sydney, Australia",Joined International Business Roundtable
Charlie Ngo,Sales,"Shanghai, China",Presented at Internal Innovation Day
Alice Huynh,Human Resources,"Bangalore, India",Joined Cross-Cultural Communication Workshop
Quinn Huynh,Finance,"Berlin, Germany",Spoke at the Annual Finance Forum
Alice Dang,Engineering,"Berlin, Germany",Joined Team Building Offsite in Da Nang
Charlie Hoang,Finance,"Bangkok, Thailand",Attended Remote Work Productivity Webinar
Charlie Ly,Sales,"Manila, Philippines",Joined Global Marketing Summit
Hannah Trinh,Finance,"Seoul, South Korea",Completed Emotional Intelligence Training
Nathan Pham,Product,"Kuala Lumpur, Malaysia",Engaged in Blockchain for Finance Webinar
Hannah Pham,Finance,"Jakarta, Indonesia",Completed Emotional Intelligence Training
Tina Chau,Product,"Hanoi, Vietnam",Attended Agile Project Management Workshop
Nathan Trinh,Operations,"New Delhi, India",Completed Emotional Intelligence Training
Paul Nguyen,Legal,"Shanghai, China",Presented at Internal Innovation Day
Julia Mai,Product,"Melbourne, Australia",Completed Emotional Intelligence Training
Alice Dang,Legal,"Bangalore, India",Participated in Corporate Social Responsibility Event
Nathan Phan,Data Science,"Paris, France",Joined Global Marketing Summit
Hannah Vu,Finance,"Mumbai, India",Attended UX/UI Design Masterclass
Julia Truong,Product,"Bangkok, Thailand",Attended Remote Work Productivity Webinar
Kevin Bui,Finance,"Bangkok, Thailand",Completed Leadership Training Bootcamp
Fiona Huynh,Engineering,"Manila, Philippines",Completed AWS Cloud Practitioner Certification
Diana Bui,Data Science,"Bangalore, India",Attended UX/UI Design Masterclass
Rachel Ton,Operations,"Bangkok, Thailand",Spoke at the Annual Finance Forum
Diana Trinh,Operations,"Mumbai, India",Engaged in Blockchain for Finance Webinar
Fiona Chau,Marketing,"Tokyo, Japan",Attended AI for Business Leaders Webinar
Charlie Dang,Human Resources,"Manila, Philippines",Attended AI for Business Leaders Webinar
Olivia Pham,Management,"Jakarta, Indonesia",Attended UX/UI Design Masterclass
Charlie Phan,Marketing,"Manila, Philippines",Attended AI for Business Leaders Webinar
Olivia Hoang,Sales,"Manila, Philippines",Completed Leadership Training Bootcamp
Paul Ta,Operations,"Beijing, China",Finished Data Analytics with Python Course
Diana Huynh,Engineering,"Beijing, China",Attended Agile Project Management Workshop
Hannah Tran,Operations,Singapore,Completed Emotional Intelligence Training
Alice Mai,Product,"Jakarta, Indonesia",Attended Remote Work Productivity Webinar
Bob Pham,Operations,"Melbourne, Australia",Joined Cross-Cultural Communication Workshop
George Huynh,Customer Success,"Ho Chi Minh City, Vietnam",Completed AWS Cloud Practitioner Certification
Quinn Pham,Customer Success,"Sydney, Australia",Completed Leadership Training Bootcamp
Paul Truong,Finance,"Shanghai, China",Finished Data Analytics with Python Course
Quinn Ngo,Finance,"Hanoi, Vietnam",Joined International Business Roundtable
Samuel Nguyen,Finance,"Jakarta, Indonesia",Completed Advanced Cybersecurity Training
Nathan Huynh,Customer Success,"Paris, France",Attended AI for Business Leaders Webinar
Samuel Trinh,Sales,"London, UK",Joined International Business Roundtable
Paul Ta,Management,"Tokyo, Japan",Attended AI for Business Leaders Webinar
Alice Ly,Human Resources,"Ho Chi Minh City, Vietnam",Participated in Corporate Social Responsibility Event
Julia Truong,Human Resources,"Jakarta, Indonesia",Attended Agile Project Management Workshop
Kevin Ton,Marketing,"New Delhi, India",Engaged in Blockchain for Finance Webinar
Laura Do,Engineering,"Shanghai, China",Finished Data Analytics with Python Course
Victor Ngo,Management,"London, UK",Attended Remote Work Productivity Webinar
Nathan Ton,Engineering,"Bangkok, Thailand",Engaged in Blockchain for Finance Webinar
Rachel Ton,Human Resources,"Melbourne, Australia",Attended UX/UI Design Masterclass
Laura Huynh,Engineering,"Da Nang, Vietnam",Attended Agile Project Management Workshop
Charlie Ta,Data Science,"Manila, Philippines",Attended Remote Work Productivity Webinar
Tina Tran,Product,"Bangalore, India",Joined International Business Roundtable
Laura Luong,Engineering,"Shanghai, China",Completed Leadership Training Bootcamp
Victor Do,Operations,"Beijing, China",Completed Leadership Training Bootcamp
Rachel Luong,Human Resources,"Da Nang, Vietnam",Finished Data Analytics with Python Course
Nathan Hoang,Customer Success,"Paris, France",Spoke at the Annual Finance Forum
Edward Mai,Finance,Singapore,Engaged in Blockchain for Finance Webinar
Nathan Hoang,Sales,"Bangalore, India",Volunteered at Community Tech Fair
Charlie Vu,Data Science,"Manila, Philippines",Completed Emotional Intelligence Training
Samuel Phan,Sales,"London, UK",Completed Leadership Training Bootcamp
Charlie Ly,Engineering,"Tokyo, Japan",Joined Global Marketing Summit
Nathan Ly,Marketing,"Shanghai, China",Joined Global Marketing Summit
Fiona Ta,Data Science,"Paris, France",Completed AWS Cloud Practitioner Certification
Victor Luong,Sales,"Ho Chi Minh City, Vietnam",Participated in Corporate Social Responsibility Event
Julia Trinh,Product,"Manila, Philippines",Finished Data Analytics with Python Course
Kevin Vu,Management,"Berlin, Germany",Completed Advanced Cybersecurity Training
Julia Ta,Data Science,"Kuala Lumpur, Malaysia",Completed Emotional Intelligence Training
Samuel Pham,Sales,"Ho Chi Minh City, Vietnam",Participated in Regional Hackathon 2024
Tina Ta,Customer Success,"Berlin, Germany",Completed Advanced Cybersecurity Training
Alice Luong,Data Science,"Beijing, China",Completed Emotional Intelligence Training
Nathan Nguyen,Customer Success,"Kuala Lumpur, Malaysia",Attended UX/UI Design Masterclass
Hannah Bui,Human Resources,"Mumbai, India",Attended AI for Business Leaders Webinar
Fiona Ngo,Finance,"Melbourne, Australia",Engaged in Blockchain for Finance Webinar
Diana Truong,Operations,Singapore,Joined Team Building Offsite in Da Nang
Kevin Chau,Legal,"New Delhi, India",Participated in Corporate Social Responsibility Event
Paul Le,Management,"Seoul, South Korea",Presented at Internal Innovation Day
Alice Truong,Finance,"Jakarta, Indonesia",Completed AWS Cloud Practitioner Certification
Tina Mai,Management,"Tokyo, Japan",Joined Cross-Cultural Communication Workshop
Quinn Chau,Finance,"Ho Chi Minh City, Vietnam",Joined Team Building Offsite in Da Nang
Edward Truong,Finance,"Jakarta, Indonesia",Attended AI for Business Leaders Webinar
Tina Ta,Data Science,"Bangalore, India",Completed Leadership Training Bootcamp
Paul Ngo,Product,"Bangalore, India",Presented at Machine Learning Meetup
Diana Ton,Finance,"Manila, Philippines",Attended Remote Work Productivity Webinar
Isaac Vu,Operations,"Bangkok, Thailand",Participated in Corporate Social Responsibility Event
Tina Ta,Legal,Singapore,Attended Agile Project Management Workshop
Olivia Vu,Operations,"Shanghai, China",Participated in Corporate Social Responsibility Event
Olivia Truong,Sales,Singapore,Volunteered at Community Tech Fair
Fiona Nguyen,Finance,"Beijing, China",Completed Leadership Training Bootcamp
George Pham,Human Resources,"Melbourne, Australia",Attended UX/UI Design Masterclass
Paul Le,Product,"Melbourne, Australia",Finished Data Analytics with Python Course
Tina Do,Finance,"Beijing, China",Participated in Corporate Social Responsibility Event
Fiona Luong,Management,"Kuala Lumpur, Malaysia",Finished Data Analytics with Python Course
Victor Vu,Legal,"Manila, Philippines",Joined Team Building Offsite in Da Nang
Fiona Mai,Human Resources,"Bangalore, India",Engaged in Blockchain for Finance Webinar
Victor Truong,Marketing,"Shanghai, China",Completed Advanced Cybersecurity Training
Bob Dang,Data Science,"Paris, France",Completed Leadership Training Bootcamp
George Ton,Management,"Ho Chi Minh City, Vietnam",Joined Cross-Cultural Communication Workshop
Edward Ta,Management,"Sydney, Australia",Engaged in Blockchain for Finance Webinar
Fiona Tran,Sales,"Melbourne, Australia",Attended Agile Project Management Workshop
Victor Mai,Operations,"Tokyo, Japan",Participated in Regional Hackathon 2024
Victor Tran,Product,"Seoul, South Korea",Presented at Internal Innovation Day
Quinn Chau,Marketing,"Beijing, China",Presented at Machine Learning Meetup
Bob Tran,Legal,"Kuala Lumpur, Malaysia",Joined Global Marketing Summit
Isaac Do,Engineering,"Sydney, Australia",Attended UX/UI Design Masterclass
Hannah Mai,Operations,"Da Nang, Vietnam",Completed Advanced Cybersecurity Training
Julia Ly,Data Science,"Melbourne, Australia",Participated in Regional Hackathon 2024
Kevin Vu,Finance,"Melbourne, Australia",Joined Team Building Offsite in Da Nang
Paul Truong,Engineering,"Hanoi, Vietnam",Attended UX/UI Design Masterclass
Tina Ly,Marketing,"London, UK",Attended UX/UI Design Masterclass
Tina Nguyen,Management,"Bangalore, India",Finished Data Analytics with Python Course
Hannah Huynh,Data Science,"Berlin, Germany",Attended Remote Work Productivity Webinar
Alice Do,Legal,"Hanoi, Vietnam",Attended AI for Business Leaders Webinar
Samuel Luong,Data Science,"Manila, Philippines",Finished Data Analytics with Python Course
Isaac Vu,Finance,"Paris, France",Spoke at the Annual Finance Forum
Isaac Ngo,Engineering,"Sydney, Australia",Completed AWS Cloud Practitioner Certification
Edward Ton,Sales,"New Delhi, India",Finished Data Analytics with Python Course
Victor Ngo,Product,"Da Nang, Vietnam",Completed Leadership Training Bootcamp
Samuel Vu,Sales,"Seoul, South Korea",Completed Advanced Cybersecurity Training
Samuel Bui,Sales,"Da Nang, Vietnam",Completed Emotional Intelligence Training
Laura Truong,Operations,"Tokyo, Japan",Participated in Corporate Social Responsibility Event
Diana Vu,Marketing,"London, UK",Engaged in Blockchain for Finance Webinar
Diana Pham,Engineering,"New Delhi, India",Presented at Internal Innovation Day
Kevin Hoang,Engineering,"Shanghai, China",Spoke at the Annual Finance Forum
Victor Truong,Engineering,"Manila, Philippines",Finished Data Analytics with Python Course
Edward Do,Operations,"Da Nang, Vietnam",Volunteered at Community Tech Fair
Edward Chau,Sales,"Sydney, Australia",Presented at Internal Innovation Day
Julia Ta,Engineering,"Shanghai, China",Volunteered at Community Tech Fair
Nathan Ta,Operations,"Beijing, China",Presented at Machine Learning Meetup
Hannah Ta,Product,"Manila, Philippines",Attended Remote Work Productivity Webinar
Charlie Ly,Legal,"New Delhi, India",Completed Leadership Training Bootcamp
Nathan Truong,Data Science,"Beijing, China",Completed Advanced Cybersecurity Training
Fiona Tran,Product,"Tokyo, Japan",Attended Remote Work Productivity Webinar
Olivia Huynh,Legal,"Manila, Philippines",Volunteered at Community Tech Fair
Paul Le,Finance,"Melbourne, Australia",Presented at Internal Innovation Day
Olivia Vu,Legal,"Sydney, Australia",Volunteered at Community Tech Fair
Samuel Ton,Sales,"Berlin, Germany",Volunteered at Community Tech Fair
Samuel Nguyen,Customer Success,"London, UK",Joined Team Building Offsite in Da Nang
Hannah Trinh,Management,"Manila, Philippines",Participated in Regional Hackathon 2024
Hannah Phan,Sales,"Shanghai, China",Joined Global Marketing Summit
Paul Dang,Management,"Paris, France",Presented at Internal Innovation Day
Isaac Nguyen,Customer Success,"Bangalore, India",Volunteered at Community Tech Fair
Paul Mai,Engineering,Singapore,Presented at Internal Innovation Day
Victor Ngo,Marketing,"Melbourne, Australia",Finished Data Analytics with Python Course
George Ngo,Customer Success,Singapore,Participated in Corporate Social Responsibility Event
Samuel Ta,Management,"Bangalore, India",Presented at Machine Learning Meetup
Alice Ton,Customer Success,"Melbourne, Australia",Completed Emotional Intelligence Training
Quinn Chau,Customer Success,"Mumbai, India",Volunteered at Community Tech Fair
Diana Do,Operations,"Manila, Philippines",Engaged in Blockchain for Finance Webinar
Samuel Truong,Engineering,"Sydney, Australia",Completed Leadership Training Bootcamp
Nathan Nguyen,Customer Success,"Bangkok, Thailand",Joined Team Building Offsite in Da Nang
Samuel Pham,Legal,"Ho Chi Minh City, Vietnam",Finished Data Analytics with Python Course
Tina Pham,Management,"Jakarta, Indonesia",Spoke at the Annual Finance Forum
Bob Huynh,Marketing,"Ho Chi Minh City, Vietnam",Joined Cross-Cultural Communication Workshop
Samuel Phan,Engineering,"Jakarta, Indonesia",Joined International Business Roundtable
Laura Hoang,Product,"Bangalore, India",Completed Leadership Training Bootcamp
Victor Phan,Finance,"Da Nang, Vietnam",Joined International Business Roundtable
Quinn Pham,Management,"Manila, Philippines",Spoke at the Annual Finance Forum
Isaac Hoang,Marketing,"Berlin, Germany",Spoke at the Annual Finance Forum
Fiona Ngo,Legal,"Jakarta, Indonesia",Completed Advanced Cybersecurity Training
Julia Dang,Product,"Jakarta, Indonesia",Completed Leadership Training Bootcamp
Victor Ta,Sales,"Bangalore, India",Completed Leadership Training Bootcamp
Quinn Ton,Operations,"Berlin, Germany",Joined Team Building Offsite in Da Nang
Paul Nguyen,Legal,"Sydney, Australia",Completed Leadership Training Bootcamp
Diana Phan,Sales,Singapore,Completed Advanced Cybersecurity Training
Bob Pham,Product,"Bangalore, India",Completed Emotional Intelligence Training
Rachel Mai,Legal,"London, UK",Completed AWS Cloud Practitioner Certification
Charlie Phan,Data Science,"Mumbai, India",Participated in Regional Hackathon 2024
Nathan Le,Human Resources,"Melbourne, Australia",Completed AWS Cloud Practitioner Certification
Hannah Tran,Human Resources,"Beijing, China",Engaged in Blockchain for Finance Webinar
Laura Ta,Product,"Sydney, Australia",Joined Global Marketing Summit
Kevin Ngo,Legal,"Shanghai, China",Joined International Business Roundtable
Alice Luong,Operations,"Hanoi, Vietnam",Finished Data Analytics with Python Course
Alice Vu,Sales,"Seoul, South Korea",Engaged in Blockchain for Finance Webinar
Charlie Trinh,Product,"Tokyo, Japan",Volunteered at Community Tech Fair
Laura Trinh,Legal,"Mumbai, India",Presented at Internal Innovation Day
Tina Huynh,Customer Success,"Kuala Lumpur, Malaysia",Completed Advanced Cybersecurity Training
Hannah Hoang,Data Science,"New Delhi, India",Participated in Regional Hackathon 2024
Alice Ton,Engineering,"Mumbai, India",Attended Agile Project Management Workshop
Bob Chau,Marketing,"Mumbai, India",Joined International Business Roundtable
Hannah Phan,Operations,"Melbourne, Australia",Presented at Internal Innovation Day
Laura Luong,Operations,"Paris, France",Participated in Regional Hackathon 2024
Hannah Ngo,Product,Singapore,Finished Data Analytics with Python Course
Olivia Nguyen,Customer Success,"Manila, Philippines",Joined Cross-Cultural Communication Workshop
Kevin Nguyen,Engineering,"Melbourne, Australia",Joined Global Marketing Summit
Rachel Do,Sales,"Paris, France",Presented at Machine Learning Meetup
Tina Vu,Data Science,"Berlin, Germany",Attended UX/UI Design Masterclass
Bob Dang,Marketing,"Jakarta, Indonesia",Attended Agile Project Management Workshop
Paul Pham,Data Science,"Mumbai, India",Attended Remote Work Productivity Webinar
Rachel Nguyen,Human Resources,"Ho Chi Minh City, Vietnam",Participated in Regional Hackathon 2024
Bob Do,Management,"Paris, France",Joined International Business Roundtable
Rachel Bui,Data Science,"Seoul, South Korea",Attended AI for Business Leaders Webinar
Kevin Bui,Data Science,Singapore,Engaged in Blockchain for Finance Webinar
Victor Le,Legal,"Bangalore, India",Completed Emotional Intelligence Training
Hannah Ton,Marketing,"Shanghai, China",Attended UX/UI Design Masterclass
Laura Luong,Legal,"Beijing, China",Joined Team Building Offsite in Da Nang
Laura Dang,Engineering,"Shanghai, China",Completed Advanced Cybersecurity Training
Tina Ngo,Operations,"Beijing, China",Attended UX/UI Design Masterclass
Olivia Bui,Management,"Melbourne, Australia",Completed Emotional Intelligence Training
Hannah Vu,Product,"Melbourne, Australia",Completed Emotional Intelligence Training
Fiona Truong,Marketing,"Hanoi, Vietnam",Finished Data Analytics with Python Course
Alice Phan,Customer Success,"Ho Chi Minh City, Vietnam",Joined Global Marketing Summit
George Luong,Finance,Singapore,Joined Team Building Offsite in Da Nang
Victor Bui,Finance,"Seoul, South Korea",Attended UX/UI Design Masterclass
Laura Luong,Sales,"Berlin, Germany",Joined Team Building Offsite in Da Nang
Olivia Ton,Finance,"Beijing, China",Presented at Internal Innovation Day
Isaac Phan,Operations,Singapore,Joined Team Building Offsite in Da Nang
Diana Bui,Operations,"Mumbai, India",Engaged in Blockchain for Finance Webinar
Quinn Chau,Management,"Sydney, Australia",Volunteered at Community Tech Fair
Edward Trinh,Engineering,"Tokyo, Japan",Participated in Corporate Social Responsibility Event
Paul Truong,Customer Success,"New Delhi, India",Engaged in Blockchain for Finance Webinar
Diana Ta,Product,"Sydney, Australia",Attended UX/UI Design Masterclass
Victor Ly,Operations,"Bangalore, India",Joined Global Marketing Summit
Kevin Ngo,Customer Success,Singapore,Participated in Corporate Social Responsibility Event
Isaac Ngo,Legal,"Melbourne, Australia",Attended UX/UI Design Masterclass
Charlie Pham,Sales,Singapore,Joined Team Building Offsite in Da Nang
Olivia Ton,Operations,"Bangalore, India",Spoke at the Annual Finance Forum
Charlie Bui,Management,"Manila, Philippines",Attended UX/UI Design Masterclass
George Do,Data Science,"Ho Chi Minh City, Vietnam",Engaged in Blockchain for Finance Webinar
Edward Luong,Product,"Sydney, Australia",Completed Leadership Training Bootcamp
Edward Dang,Product,Singapore,Joined Global Marketing Summit
Quinn Truong,Operations,"Shanghai, China",Attended UX/UI Design Masterclass
Edward Trinh,Data Science,"Tokyo, Japan",Finished Data Analytics with Python Course
George Tran,Customer Success,"Beijing, China",Completed AWS Cloud Practitioner Certification
Quinn Dang,Customer Success,"Hanoi, Vietnam",Completed Leadership Training Bootcamp
Hannah Bui,Sales,"Bangalore, India",Presented at Internal Innovation Day
Julia Ly,Engineering,"Seoul, South Korea",Finished Data Analytics with Python Course
George Ly,Human Resources,"Seoul, South Korea",Joined Cross-Cultural Communication Workshop
Kevin Chau,Human Resources,"Paris, France",Engaged in Blockchain for Finance Webinar
Paul Chau,Product,"Manila, Philippines",Spoke at the Annual Finance Forum
Rachel Do,Legal,"New Delhi, India",Volunteered at Community Tech Fair
Quinn Trinh,Engineering,"Jakarta, Indonesia",Completed Advanced Cybersecurity Training
Kevin Bui,Data Science,"Jakarta, Indonesia",Presented at Internal Innovation Day
Diana Bui,Operations,"Bangkok, Thailand",Joined International Business Roundtable
Alice Nguyen,Sales,Singapore,Completed Leadership Training Bootcamp
Edward Phan,Product,"Shanghai, China",Spoke at the Annual Finance Forum
Fiona Truong,Engineering,"Shanghai, China",Attended Agile Project Management Workshop
Charlie Vu,Operations,"Kuala Lumpur, Malaysia",Attended Agile Project Management Workshop
Hannah Nguyen,Sales,"Kuala Lumpur, Malaysia",Finished Data Analytics with Python Course
Kevin Trinh,Management,"Mumbai, India",Attended Remote Work Productivity Webinar
Samuel Phan,Operations,"Jakarta, Indonesia",Completed Advanced Cybersecurity Training
Hannah Pham,Customer Success,"Tokyo, Japan",Joined Global Marketing Summit
Rachel Luong,Marketing,"Mumbai, India",Joined Cross-Cultural Communication Workshop
Alice Hoang,Marketing,"Bangkok, Thailand",Completed Advanced Cybersecurity Training
Paul Phan,Data Science,"London, UK",Attended AI for Business Leaders Webinar
Victor Tran,Human Resources,"Kuala Lumpur, Malaysia",Joined Cross-Cultural Communication Workshop
Edward Trinh,Engineering,"Paris, France",Joined Global Marketing Summit
Kevin Huynh,Management,"Kuala Lumpur, Malaysia",Attended AI for Business Leaders Webinar
Hannah Mai,Engineering,"Manila, Philippines",Presented at Internal Innovation Day
Diana Nguyen,Product,"New Delhi, India",Completed AWS Cloud Practitioner Certification
Tina Ton,Customer Success,"Mumbai, India",Attended AI for Business Leaders Webinar
Edward Nguyen,Management,"Paris, France",Attended Remote Work Productivity Webinar
Julia Do,Operations,"Hanoi, Vietnam",Joined Team Building Offsite in Da Nang
Edward Phan,Product,"New Delhi, India",Completed Advanced Cybersecurity Training
George Huynh,Sales,"New Delhi, India",Joined Global Marketing Summit
Olivia Do,Product,"Sydney, Australia",Completed Emotional Intelligence Training
Victor Nguyen,Customer Success,"Manila, Philippines",Volunteered at Community Tech Fair
Alice Tran,Product,"Hanoi, Vietnam",Completed Emotional Intelligence Training
Tina Huynh,Marketing,"Paris, France",Joined Global Marketing Summit
Quinn Ta,Legal,"Paris, France",Volunteered at Community Tech Fair
Tina Tran,Customer Success,"Seoul, South Korea",Joined Global Marketing Summit
Isaac Ta,Sales,"Bangalore, India",Completed AWS Cloud Practitioner Certification
Julia Mai,Data Science,Singapore,Joined Cross-Cultural Communication Workshop
Laura Nguyen,Finance,"Beijing, China",Attended Agile Project Management Workshop
Alice Ngo,Human Resources,"Bangalore, India",Volunteered at Community Tech Fair
Julia Huynh,Customer Success,"Mumbai, India",Joined Cross-Cultural Communication Workshop
Julia Tran,Management,"London, UK",Joined Cross-Cultural Communication Workshop
Olivia Dang,Engineering,"Tokyo, Japan",Completed AWS Cloud Practitioner Certification
Rachel Hoang,Sales,"Hanoi, Vietnam",Completed Advanced Cybersecurity Training
Charlie Vu,Management,"Seoul, South Korea",Joined International Business Roundtable
Julia Mai,Sales,"London, UK",Completed AWS Cloud Practitioner Certification
Rachel Truong,Marketing,"Bangkok, Thailand",Joined International Business Roundtable
Edward Hoang,Customer Success,"Beijing, China",Completed Leadership Training Bootcamp
Olivia Ton,Data Science,"Mumbai, India",Finished Data Analytics with Python Course
Julia Le,Sales,"Beijing, China",Joined Global Marketing Summit
George Bui,Human Resources,"New Delhi, India",Completed Emotional Intelligence Training
Rachel Truong,Data Science,"Jakarta, Indonesia",Joined Cross-Cultural Communication Workshop
Alice Do,Legal,"Beijing, China",Completed Emotional Intelligence Training
Nathan Truong,Legal,"Melbourne, Australia",Attended Agile Project Management Workshop
Olivia Bui,Engineering,"Tokyo, Japan",Engaged in Blockchain for Finance Webinar
Quinn Pham,Marketing,"Berlin, Germany",Attended Agile Project Management Workshop
Fiona Hoang,Finance,"Berlin, Germany",Completed Leadership Training Bootcamp
Julia Ly,Product,"Seoul, South Korea",Completed AWS Cloud Practitioner Certification
Paul Huynh,Legal,Singapore,Completed Advanced Cybersecurity Training
Victor Pham,Engineering,"Seoul, South Korea",Participated in Regional Hackathon 2024
Hannah Truong,Sales,"Manila, Philippines",Attended UX/UI Design Masterclass
Rachel Mai,Engineering,"Manila, Philippines",Completed AWS Cloud Practitioner Certification
Fiona Trinh,Customer Success,"Tokyo, Japan",Presented at Internal Innovation Day
Fiona Vu,Product,"Ho Chi Minh City, Vietnam",Joined Global Marketing Summit
Alice Truong,Operations,"Beijing, China",Completed AWS Cloud Practitioner Certification
Samuel Ngo,Customer Success,"Jakarta, Indonesia",Participated in Regional Hackathon 2024
Alice Pham,Data Science,"Hanoi, Vietnam",Finished Data Analytics with Python Course
Quinn Phan,Finance,"Berlin, Germany",Presented at Machine Learning Meetup
Quinn Tran,Finance,"Manila, Philippines",Engaged in Blockchain for Finance Webinar
Laura Do,Finance,Singapore,Completed Advanced Cybersecurity Training
Quinn Do,Human Resources,"Da Nang, Vietnam",Presented at Internal Innovation Day
Isaac Bui,Legal,"Melbourne, Australia",Participated in Regional Hackathon 2024
Julia Luong,Sales,"London, UK",Finished Data Analytics with Python Course
Hannah Huynh,Product,"Ho Chi Minh City, Vietnam",Attended AI for Business Leaders Webinar
Fiona Hoang,Data Science,"Paris, France",Attended UX/UI Design Masterclass
Kevin Tran,Engineering,"Melbourne, Australia",Finished Data Analytics with Python Course
Olivia Truong,Customer Success,"Seoul, South Korea",Joined Team Building Offsite in Da Nang
Samuel Phan,Marketing,"Jakarta, Indonesia",Finished Data Analytics with Python Course
Alice Truong,Marketing,"Berlin, Germany",Presented at Internal Innovation Day
Fiona Huynh,Engineering,"Bangkok, Thailand",Participated in Corporate Social Responsibility Event
Samuel Huynh,Operations,"Beijing, China",Completed AWS Cloud Practitioner Certification
Edward Ton,Operations,"Hanoi, Vietnam",Engaged in Blockchain for Finance Webinar
Tina Truong,Product,"Melbourne, Australia",Completed Leadership Training Bootcamp
Victor Vu,Customer Success,"Shanghai, China",Joined International Business Roundtable
George Chau,Sales,"Manila, Philippines",Attended Agile Project Management Workshop
Nathan Vu,Customer Success,"Tokyo, Japan",Joined Global Marketing Summit
Victor Ly,Management,Singapore,Participated in Regional Hackathon 2024
Diana Do,Human Resources,"Berlin, Germany",Attended Remote Work Productivity Webinar
Olivia Bui,Finance,"Seoul, South Korea",Completed Leadership Training Bootcamp
Edward Ngo,Management,"Jakarta, Indonesia",Joined Cross-Cultural Communication Workshop
Olivia Do,Sales,"Kuala Lumpur, Malaysia",Attended AI for Business Leaders Webinar
Bob Do,Management,"New Delhi, India",Completed AWS Cloud Practitioner Certification
Fiona Chau,Product,"Sydney, Australia",Attended Remote Work Productivity Webinar
Hannah Le,Operations,Singapore,Participated in Corporate Social Responsibility Event
Hannah Pham,Customer Success,"Melbourne, Australia",Joined Global Marketing Summit
Kevin Truong,Operations,"Bangkok, Thailand",Completed Advanced Cybersecurity Training
Quinn Ton,Management,"Bangalore, India",Finished Data Analytics with Python Course
Nathan Trinh,Data Science,"Bangalore, India",Completed AWS Cloud Practitioner Certification
Tina Ton,Marketing,"Bangkok, Thailand",Presented at Machine Learning Meetup
Alice Vu,Product,"Melbourne, Australia",Joined Team Building Offsite in Da Nang
Hannah Nguyen,Product,"Bangkok, Thailand",Completed Leadership Training Bootcamp
Olivia Ta,Legal,"London, UK",Attended Agile Project Management Workshop
Alice Vu,Product,"Da Nang, Vietnam",Completed Leadership Training Bootcamp
Charlie Ton,Data Science,"London, UK",Volunteered at Community Tech Fair
Nathan Ngo,Data Science,"Mumbai, India",Volunteered at Community Tech Fair
Laura Luong,Legal,"Bangkok, Thailand",Participated in Regional Hackathon 2024
Alice Truong,Finance,"Jakarta, Indonesia",Joined Global Marketing Summit
Kevin Huynh,Human Resources,"Paris, France",Presented at Machine Learning Meetup
Samuel Pham,Operations,"Berlin, Germany",Presented at Machine Learning Meetup
Tina Chau,Sales,"London, UK",Attended AI for Business Leaders Webinar
Samuel Pham,Engineering,"Seoul, South Korea",Completed AWS Cloud Practitioner Certification
George Le,Management,"Berlin, Germany",Participated in Corporate Social Responsibility Event
Alice Vu,Customer Success,"Berlin, Germany",Volunteered at Community Tech Fair
Alice Le,Finance,"Melbourne, Australia",Presented at Machine Learning Meetup
Charlie Truong,Data Science,"Shanghai, China",Participated in Corporate Social Responsibility Event
Charlie Mai,Operations,"London, UK",Completed Emotional Intelligence Training
Quinn Luong,Management,Singapore,Presented at Machine Learning Meetup
Kevin Ton,Marketing,"Hanoi, Vietnam",Joined International Business Roundtable
Tina Mai,Data Science,"Seoul, South Korea",Completed Advanced Cybersecurity Training
Alice Dang,Operations,"Tokyo, Japan",Completed AWS Cloud Practitioner Certification
Laura Ngo,Data Science,"Manila, Philippines",Completed AWS Cloud Practitioner Certification
Hannah Hoang,Finance,"Hanoi, Vietnam",Spoke at the Annual Finance Forum
Laura Ton,Marketing,"London, UK",Volunteered at Community Tech Fair
Diana Chau,Product,"New Delhi, India",Joined Global Marketing Summit
Hannah Le,Operations,"Ho Chi Minh City, Vietnam",Attended UX/UI Design Masterclass
Tina Bui,Product,"Melbourne, Australia",Attended Agile Project Management Workshop
Victor Mai,Human Resources,Singapore,Completed Emotional Intelligence Training
Nathan Huynh,Customer Success,"Melbourne, Australia",Joined Cross-Cultural Communication Workshop
Fiona Trinh,Customer Success,"Jakarta, Indonesia",Participated in Regional Hackathon 2024
Samuel Le,Finance,"Manila, Philippines",Finished Data Analytics with Python Course
Samuel Ton,Legal,"Paris, France",Completed Advanced Cybersecurity Training
Julia Ly,Finance,"Paris, France",Attended UX/UI Design Masterclass
Charlie Ton,Customer Success,"London, UK",Presented at Machine Learning Meetup
Isaac Ton,Finance,"Berlin, Germany",Joined International Business Roundtable
Rachel Tran,Legal,"Berlin, Germany",Participated in Regional Hackathon 2024
Hannah Phan,Sales,"Berlin, Germany",Joined International Business Roundtable
Tina Do,Legal,"Hanoi, Vietnam",Finished Data Analytics with Python Course
Samuel Hoang,Operations,"Paris, France",Finished Data Analytics with Python Course
Quinn Ta,Engineering,"Sydney, Australia",Attended Remote Work Productivity Webinar
Kevin Pham,Customer Success,"Tokyo, Japan",Spoke at the Annual Finance Forum
Olivia Trinh,Legal,"Beijing, China",Joined Team Building Offsite in Da Nang
Olivia Phan,Operations,"London, UK",Joined International Business Roundtable
Rachel Le,Marketing,"Mumbai, India",Participated in Corporate Social Responsibility Event
Alice Tran,Product,"Bangkok, Thailand",Joined Cross-Cultural Communication Workshop
Samuel Tran,Legal,"Bangalore, India",Engaged in Blockchain for Finance Webinar
Isaac Truong,Data Science,"Beijing, China",Completed Advanced Cybersecurity Training
Julia Trinh,Customer Success,"Melbourne, Australia",Participated in Corporate Social Responsibility Event
Laura Ton,Marketing,"Kuala Lumpur, Malaysia",Joined Global Marketing Summit
Kevin Nguyen,Operations,"Tokyo, Japan",Joined Team Building Offsite in Da Nang
Laura Ly,Management,"Seoul, South Korea",Completed Leadership Training Bootcamp
Isaac Phan,Operations,"Ho Chi Minh City, Vietnam",Presented at Internal Innovation Day
Edward Nguyen,Legal,"Bangkok, Thailand",Engaged in Blockchain for Finance Webinar
Paul Chau,Human Resources,"Da Nang, Vietnam",Participated in Regional Hackathon 2024
George Trinh,Data Science,Singapore,Joined Global Marketing Summit
Fiona Chau,Engineering,"Hanoi, Vietnam",Presented at Internal Innovation Day
Charlie Pham,Marketing,"New Delhi, India",Completed Leadership Training Bootcamp
George Luong,Sales,"New Delhi, India",Participated in Regional Hackathon 2024
George Ly,Human Resources,"Beijing, China",Completed Emotional Intelligence Training
Julia Ly,Operations,"London, UK",Completed Advanced Cybersecurity Training
Tina Pham,Finance,"Mumbai, India",Participated in Regional Hackathon 2024
Charlie Do,Marketing,"Hanoi, Vietnam",Completed AWS Cloud Practitioner Certification
Edward Do,Customer Success,"Ho Chi Minh City, Vietnam",Completed Advanced Cybersecurity Training
Laura Do,Human Resources,"Bangkok, Thailand",Spoke at the Annual Finance Forum
Alice Do,Marketing,"Berlin, Germany",Attended UX/UI Design Masterclass
Isaac Ngo,Human Resources,"Tokyo, Japan",Spoke at the Annual Finance Forum
Julia Ta,Marketing,"Bangalore, India",Joined Team Building Offsite in Da Nang
Diana Bui,Operations,"Manila, Philippines",Attended Agile Project Management Workshop
Paul Tran,Customer Success,"Manila, Philippines",Finished Data Analytics with Python Course
Olivia Le,Data Science,"Jakarta, Indonesia",Attended AI for Business Leaders Webinar
Diana Phan,Customer Success,"Ho Chi Minh City, Vietnam",Completed Leadership Training Bootcamp
Victor Dang,Legal,"Bangkok, Thailand",Completed Emotional Intelligence Training
Victor Trinh,Data Science,"Da Nang, Vietnam",Attended UX/UI Design Masterclass
Quinn Le,Product,"Da Nang, Vietnam",Presented at Machine Learning Meetup
Diana Nguyen,Engineering,"Berlin, Germany",Completed Advanced Cybersecurity Training
Samuel Do,Data Science,"Paris, France",Finished Data Analytics with Python Course
Samuel Truong,Marketing,"Ho Chi Minh City, Vietnam",Attended AI for Business Leaders Webinar
George Hoang,Data Science,"New Delhi, India",Presented at Internal Innovation Day
Victor Ly,Legal,"Sydney, Australia",Participated in Corporate Social Responsibility Event
Charlie Bui,Legal,"Paris, France",Completed Leadership Training Bootcamp
Isaac Phan,Operations,"Mumbai, India",Volunteered at Community Tech Fair
Tina Pham,Operations,"Beijing, China",Participated in Corporate Social Responsibility Event
Paul Bui,Sales,Singapore,Attended AI for Business Leaders Webinar
Alice Ta,Engineering,"Shanghai, China",Presented at Internal Innovation Day
Laura Trinh,Management,"London, UK",Completed Leadership Training Bootcamp
Tina Trinh,Operations,"Manila, Philippines",Volunteered at Community Tech Fair
Diana Pham,Legal,"Bangalore, India",Completed Leadership Training Bootcamp
Charlie Vu,Operations,"Jakarta, Indonesia",Volunteered at Community Tech Fair
Olivia Le,Engineering,"Beijing, China",Spoke at the Annual Finance Forum
Edward Bui,Management,"Manila, Philippines",Completed AWS Cloud Practitioner Certification
Alice Mai,Sales,"Da Nang, Vietnam",Joined Cross-Cultural Communication Workshop
Isaac Truong,Product,"Ho Chi Minh City, Vietnam",Joined International Business Roundtable
Laura Do,Engineering,"Melbourne, Australia",Attended UX/UI Design Masterclass
Alice Phan,Finance,"Berlin, Germany",Attended AI for Business Leaders Webinar
Victor Hoang,Data Science,"Sydney, Australia",Joined Global Marketing Summit
Bob Hoang,Customer Success,"Mumbai, India",Completed Emotional Intelligence Training
Hannah Huynh,Customer Success,"Melbourne, Australia",Joined Cross-Cultural Communication Workshop
Charlie Tran,Operations,"Bangkok, Thailand",Volunteered at Community Tech Fair
Laura Ly,Operations,"Seoul, South Korea",Joined Cross-Cultural Communication Workshop
Julia Ngo,Data Science,"Bangalore, India",Completed Leadership Training Bootcamp
Hannah Tran,Legal,"New Delhi, India",Completed Leadership Training Bootcamp
Bob Ly,Sales,"Beijing, China",Joined International Business Roundtable
Diana Do,Operations,"Hanoi, Vietnam",Completed AWS Cloud Practitioner Certification
Diana Luong,Engineering,"Shanghai, China",Finished Data Analytics with Python Course
Hannah Do,Finance,"Seoul, South Korea",Joined Team Building Offsite in Da Nang
Olivia Dang,Marketing,"Shanghai, China",Attended AI for Business Leaders Webinar
Nathan Vu,Marketing,"Ho Chi Minh City, Vietnam",Attended AI for Business Leaders Webinar
Julia Phan,Legal,"Kuala Lumpur, Malaysia",Attended Agile Project Management Workshop
Bob Tran,Human Resources,"London, UK",Presented at Internal Innovation Day
Paul Ton,Sales,"Berlin, Germany",Presented at Internal Innovation Day
Paul Mai,Human Resources,"Sydney, Australia",Presented at Machine Learning Meetup
Alice Hoang,Legal,"Seoul, South Korea",Volunteered at Community Tech Fair
Bob Nguyen,Human Resources,"Ho Chi Minh City, Vietnam",Completed Advanced Cybersecurity Training
Nathan Bui,Operations,"Bangalore, India",Volunteered at Community Tech Fair
Charlie Dang,Operations,"Mumbai, India",Attended AI for Business Leaders Webinar
Nathan Huynh,Management,"Bangkok, Thailand",Joined Global Marketing Summit
Nathan Ton,Legal,"Berlin, Germany",Participated in Corporate Social Responsibility Event
Bob Chau,Customer Success,"Ho Chi Minh City, Vietnam",Attended AI for Business Leaders Webinar
Edward Phan,Legal,"Berlin, Germany",Completed Advanced Cybersecurity Training
Alice Ngo,Engineering,"Jakarta, Indonesia",Joined Team Building Offsite in Da Nang
Diana Dang,Customer Success,"Hanoi, Vietnam",Joined International Business Roundtable
Edward Bui,Customer Success,"Hanoi, Vietnam",Attended Agile Project Management Workshop
Tina Mai,Legal,"London, UK",Attended Remote Work Productivity Webinar
Julia Truong,Human Resources,"Tokyo, Japan",Attended UX/UI Design Masterclass
Alice Trinh,Marketing,"Melbourne, Australia",Attended Agile Project Management Workshop
Julia Vu,Engineering,"Bangkok, Thailand",Spoke at the Annual Finance Forum
Hannah Chau,Engineering,"Tokyo, Japan",Joined Global Marketing Summit
Kevin Ly,Finance,"Sydney, Australia",Attended AI for Business Leaders Webinar
Laura Ngo,Customer Success,"Paris, France",Finished Data Analytics with Python Course
Quinn Le,Finance,"Hanoi, Vietnam",Attended Remote Work Productivity Webinar
Charlie Trinh,Finance,Singapore,Presented at Internal Innovation Day
Paul Luong,Human Resources,"Shanghai, China",Joined Global Marketing Summit
Samuel Le,Marketing,"Hanoi, Vietnam",Participated in Corporate Social Responsibility Event
Nathan Vu,Data Science,"Ho Chi Minh City, Vietnam",Volunteered at Community Tech Fair
George Chau,Legal,"Melbourne, Australia",Attended UX/UI Design Masterclass
Victor Bui,Engineering,"Seoul, South Korea",Spoke at the Annual Finance Forum
Quinn Pham,Marketing,"Melbourne, Australia",Attended Agile Project Management Workshop
Tina Huynh,Human Resources,"Sydney, Australia",Joined Cross-Cultural Communication Workshop
Julia Chau,Marketing,"Beijing, China",Finished Data Analytics with Python Course
George Truong,Sales,"Jakarta, Indonesia",Completed AWS Cloud Practitioner Certification
Julia Ta,Finance,"Paris, France",Engaged in Blockchain for Finance Webinar
Samuel Vu,Management,"Bangalore, India",Joined Team Building Offsite in Da Nang
Isaac Bui,Operations,"Hanoi, Vietnam",Joined Cross-Cultural Communication Workshop
Alice Trinh,Marketing,"Ho Chi Minh City, Vietnam",Joined Team Building Offsite in Da Nang
Paul Do,Customer Success,"Da Nang, Vietnam",Completed AWS Cloud Practitioner Certification
Hannah Trinh,Product,"Jakarta, Indonesia",Participated in Regional Hackathon 2024
Alice Mai,Sales,"Jakarta, Indonesia",Spoke at the Annual Finance Forum
Victor Nguyen,Finance,"New Delhi, India",Participated in Regional Hackathon 2024
Paul Ngo,Finance,"Kuala Lumpur, Malaysia",Attended Agile Project Management Workshop
Hannah Ton,Data Science,"Melbourne, Australia",Joined Team Building Offsite in Da Nang
Nathan Huynh,Sales,"Da Nang, Vietnam",Attended AI for Business Leaders Webinar
Julia Ta,Data Science,"New Delhi, India",Joined International Business Roundtable
Tina Pham,Data Science,"Manila, Philippines",Attended Remote Work Productivity Webinar
Nathan Dang,Finance,"Ho Chi Minh City, Vietnam",Presented at Internal Innovation Day
Quinn Hoang,Customer Success,"Seoul, South Korea",Volunteered at Community Tech Fair
Olivia Nguyen,Marketing,"London, UK",Volunteered at Community Tech Fair
Paul Pham,Marketing,"Sydney, Australia",Participated in Regional Hackathon 2024
Bob Luong,Product,"Berlin, Germany",Attended Remote Work Productivity Webinar
George Ngo,Human Resources,"Ho Chi Minh City, Vietnam",Attended Agile Project Management Workshop
Charlie Chau,Operations,"New Delhi, India",Completed Advanced Cybersecurity Training
Samuel Ly,Human Resources,"Manila, Philippines",Completed Advanced Cybersecurity Training
Laura Ngo,Marketing,"Bangkok, Thailand",Volunteered at Community Tech Fair
George Bui,Product,"Berlin, Germany",Presented at Internal Innovation Day
Alice Hoang,Management,"Mumbai, India",Joined Cross-Cultural Communication Workshop
Fiona Ly,Operations,"Mumbai, India",Participated in Regional Hackathon 2024
Samuel Bui,Product,"Kuala Lumpur, Malaysia",Completed AWS Cloud Practitioner Certification
Alice Do,Marketing,Singapore,Presented at Internal Innovation Day
Quinn Ta,Legal,"Bangkok, Thailand",Finished Data Analytics with Python Course
Rachel Pham,Management,"London, UK",Engaged in Blockchain for Finance Webinar
Laura Ngo,Sales,"London, UK",Presented at Internal Innovation Day
Bob Chau,Human Resources,"London, UK",Presented at Internal Innovation Day
Quinn Luong,Human Resources,"Jakarta, Indonesia",Engaged in Blockchain for Finance Webinar
Isaac Chau,Product,"Tokyo, Japan",Joined International Business Roundtable
Kevin Hoang,Sales,"Ho Chi Minh City, Vietnam",Completed Emotional Intelligence Training
Quinn Do,Management,"Berlin, Germany",Presented at Internal Innovation Day
Hannah Ly,Engineering,"Bangkok, Thailand",Completed Advanced Cybersecurity Training
Samuel Vu,Product,"Da Nang, Vietnam",Volunteered at Community Tech Fair
Samuel Chau,Customer Success,"Hanoi, Vietnam",Participated in Regional Hackathon 2024
George Nguyen,Sales,Singapore,Completed Leadership Training Bootcamp
George Le,Sales,"New Delhi, India",Spoke at the Annual Finance Forum
Kevin Luong,Product,"New Delhi, India",Participated in Regional Hackathon 2024
Laura Luong,Product,"Beijing, China",Presented at Internal Innovation Day
Olivia Vu,Engineering,"Shanghai, China",Engaged in Blockchain for Finance Webinar
Charlie Ta,Human Resources,"Seoul, South Korea",Attended Remote Work Productivity Webinar
Edward Trinh,Sales,"Bangalore, India",Engaged in Blockchain for Finance Webinar
Olivia Ly,Operations,"Mumbai, India",Completed Advanced Cybersecurity Training
Kevin Mai,Legal,"Sydney, Australia",Attended AI for Business Leaders Webinar
Quinn Phan,Customer Success,"Ho Chi Minh City, Vietnam",Completed Advanced Cybersecurity Training
Rachel Luong,Finance,"Mumbai, India",Participated in Corporate Social Responsibility Event
Rachel Pham,Marketing,Singapore,Attended AI for Business Leaders Webinar
Alice Do,Product,"Tokyo, Japan",Attended Agile Project Management Workshop
Fiona Huynh,Customer Success,"Beijing, China",Spoke at the Annual Finance Forum
Bob Trinh,Human Resources,"Tokyo, Japan",Participated in Corporate Social Responsibility Event
Victor Vu,Management,"Melbourne, Australia",Joined International Business Roundtable
Bob Do,Customer Success,"Paris, France",Volunteered at Community Tech Fair
Laura Pham,Operations,"Beijing, China",Participated in Corporate Social Responsibility Event
Edward Bui,Operations,Singapore,Joined Global Marketing Summit
Paul Nguyen,Human Resources,"Seoul, South Korea",Participated in Corporate Social Responsibility Event
Kevin Bui,Sales,"Manila, Philippines",Completed Advanced Cybersecurity Training
Alice Ta,Legal,"Melbourne, Australia",Engaged in Blockchain for Finance Webinar
Julia Huynh,Marketing,Singapore,Joined Cross-Cultural Communication Workshop
Diana Truong,Finance,"Melbourne, Australia",Volunteered at Community Tech Fair
